{"cameraMode":{"drawMode":0,"name":"Shaded","section":"Shading Mode"},"sceneLighting":true,"audioPlay":false,"sceneViewState":{"showFog":true,"showMaterialUpdate":true,"showSkybox":true,"showFlares":true,"showImageEffects":true,"showParticleSystems":true},"in2DMode":false,"pivot":{"x":-10.778480529785157,"y":8.85312271118164,"z":-14.178468704223633},"rotation":{"x":0.08312766253948212,"y":-0.6197242140769959,"z":0.06625136733055115,"w":0.777588427066803},"size":35.44363784790039,"orthographic":false}