{"cameraMode":{"drawMode":0,"name":"Shaded","section":"Shading Mode"},"sceneLighting":true,"audioPlay":false,"sceneViewState":{"showFog":true,"showMaterialUpdate":true,"showSkybox":true,"showFlares":true,"showImageEffects":true,"showParticleSystems":true},"in2DMode":false,"pivot":{"x":-4.2361650466918949,"y":-1.754974365234375,"z":-7.039834976196289},"rotation":{"x":-0.20521676540374757,"y":0.6157112717628479,"z":-0.1703951507806778,"w":-0.7414816617965698},"size":9.368644714355469,"orthographic":false}