{"cameraMode":{"drawMode":0,"name":"Shaded","section":"Shading Mode"},"sceneLighting":true,"audioPlay":false,"sceneViewState":{"showFog":true,"showMaterialUpdate":true,"showSkybox":true,"showFlares":true,"showImageEffects":true,"showParticleSystems":true},"in2DMode":false,"pivot":{"x":693.0850219726563,"y":9.008102416992188,"z":661.7683715820313},"rotation":{"x":0.03827156126499176,"y":-0.9269317388534546,"z":0.3600562810897827,"w":0.09853075444698334},"size":10.558817863464356,"orthographic":false}