{"cameraMode":{"drawMode":0,"name":"Shaded","section":"Shading Mode"},"sceneLighting":false,"audioPlay":false,"sceneViewState":{"showFog":true,"showMaterialUpdate":true,"showSkybox":false,"showFlares":true,"showImageEffects":true,"showParticleSystems":true},"in2DMode":false,"pivot":{"x":1.1920928955078126e-7,"y":2.379676103591919,"z":-2.384185791015625e-7},"rotation":{"x":0.4625733196735382,"y":-0.3765954077243805,"z":0.22620002925395966,"w":0.7701157331466675},"size":3.6942696571350099,"orthographic":false}