{"cameraMode":{"drawMode":0,"name":"Shaded","section":"Shading Mode"},"sceneLighting":true,"audioPlay":false,"sceneViewState":{"showFog":true,"showMaterialUpdate":true,"showSkybox":true,"showFlares":true,"showImageEffects":true,"showParticleSystems":true},"in2DMode":false,"pivot":{"x":6.2049384117126469,"y":0.9217500686645508,"z":-4.897455215454102},"rotation":{"x":0.2599754333496094,"y":-0.11409923434257508,"z":0.03095189295709133,"w":0.9583520293235779},"size":10.676648139953614,"orthographic":false}