{"cameraMode":{"drawMode":0,"name":"Shaded","section":"Shading Mode"},"sceneLighting":false,"audioPlay":false,"sceneViewState":{"showFog":true,"showMaterialUpdate":true,"showSkybox":false,"showFlares":true,"showImageEffects":true,"showParticleSystems":true},"in2DMode":false,"pivot":{"x":-0.029224395751953126,"y":7.301714897155762,"z":-0.029224395751953126},"rotation":{"x":-0.4338419437408447,"y":0.16308069229125977,"z":-0.08016126602888107,"w":-0.882520854473114},"size":13.98936653137207,"orthographic":false}