{"cameraMode":{"drawMode":0,"name":"Shaded","section":"Shading Mode"},"sceneLighting":false,"audioPlay":false,"sceneViewState":{"showFog":true,"showMaterialUpdate":true,"showSkybox":false,"showFlares":true,"showImageEffects":true,"showParticleSystems":true},"in2DMode":false,"pivot":{"x":1.9532580375671387,"y":0.0729207992553711,"z":-0.8996700048446655},"rotation":{"x":0.2505739629268646,"y":0.5655215978622437,"z":-0.1855892837047577,"w":0.7635277509689331},"size":7.5290985107421879,"orthographic":false}