{"cameraMode":{"drawMode":0,"name":"Shaded","section":"Shading Mode"},"sceneLighting":true,"audioPlay":false,"sceneViewState":{"showFog":true,"showMaterialUpdate":true,"showSkybox":true,"showFlares":true,"showImageEffects":true,"showParticleSystems":true},"in2DMode":false,"pivot":{"x":-5.0,"y":0.24587774276733399,"z":12.594439506530762},"rotation":{"x":-0.2117123156785965,"y":0.2192029505968094,"z":-0.0487733893096447,"w":-0.9512065052986145},"size":4.669182777404785,"orthographic":false}