{"cameraMode":{"drawMode":0,"name":"Shaded","section":"Shading Mode"},"sceneLighting":false,"audioPlay":false,"sceneViewState":{"showFog":true,"showMaterialUpdate":true,"showSkybox":false,"showFlares":true,"showImageEffects":true,"showParticleSystems":true},"in2DMode":false,"pivot":{"x":1.3177458047866822,"y":5.330078125,"z":-1.1210020780563355},"rotation":{"x":0.6873221397399902,"y":0.07468054443597794,"z":-0.07139276713132858,"w":0.7189695835113525},"size":8.516023635864258,"orthographic":true}