{"cameraMode":{"drawMode":0,"name":"Shaded","section":"Shading Mode"},"sceneLighting":true,"audioPlay":false,"sceneViewState":{"showFog":true,"showMaterialUpdate":true,"showSkybox":true,"showFlares":true,"showImageEffects":true,"showParticleSystems":true},"in2DMode":false,"pivot":{"x":-9.304571151733399,"y":1.6100412607192994,"z":17.350412368774415},"rotation":{"x":0.04696144908666611,"y":-0.583314061164856,"z":0.033810053020715716,"w":0.810197114944458},"size":2.235429048538208,"orthographic":false}