{"cameraMode":{"drawMode":0,"name":"Shaded","section":"Shading Mode"},"sceneLighting":true,"audioPlay":false,"sceneViewState":{"showFog":true,"showMaterialUpdate":true,"showSkybox":true,"showFlares":true,"showImageEffects":true,"showParticleSystems":true},"in2DMode":false,"pivot":{"x":559.0609130859375,"y":176.77481079101563,"z":164.7564697265625},"rotation":{"x":0.2173732966184616,"y":-0.10809168964624405,"z":0.024227729067206384,"w":0.9697898626327515},"size":543.960205078125,"orthographic":false}