{"cameraMode":{"drawMode":0,"name":"Shaded","section":"Shading Mode"},"sceneLighting":false,"audioPlay":false,"sceneViewState":{"showFog":true,"showMaterialUpdate":true,"showSkybox":false,"showFlares":true,"showImageEffects":true,"showParticleSystems":true},"in2DMode":false,"pivot":{"x":0.002124309539794922,"y":0.4335308372974396,"z":-0.00380861759185791},"rotation":{"x":0.21776975691318513,"y":-0.5318642258644104,"z":0.14376771450042725,"w":0.8056311011314392},"size":1.3014625310897828,"orthographic":false}