{"cameraMode":{"drawMode":0,"name":"Shaded","section":"Shading Mode"},"sceneLighting":true,"audioPlay":false,"sceneViewState":{"showFog":true,"showMaterialUpdate":true,"showSkybox":true,"showFlares":true,"showImageEffects":true,"showParticleSystems":true},"in2DMode":false,"pivot":{"x":17.149999618530275,"y":1.0399999618530274,"z":-9.050000190734864},"rotation":{"x":-0.019294699653983117,"y":-0.9387512803077698,"z":0.3399054706096649,"w":-0.05328790098428726},"size":4.669182300567627,"orthographic":false}