{"cameraMode":{"drawMode":0,"name":"Shaded","section":"Shading Mode"},"sceneLighting":false,"audioPlay":false,"sceneViewState":{"showFog":true,"showMaterialUpdate":true,"showSkybox":false,"showFlares":true,"showImageEffects":true,"showParticleSystems":true},"in2DMode":false,"pivot":{"x":-0.10634136199951172,"y":4.126143932342529,"z":0.33061695098876955},"rotation":{"x":0.4625733196735382,"y":-0.3765954077243805,"z":0.22620002925395966,"w":0.7701157331466675},"size":5.967916965484619,"orthographic":false}