{"cameraMode":{"drawMode":0,"name":"Shaded","section":"Shading Mode"},"sceneLighting":false,"audioPlay":false,"sceneViewState":{"showFog":true,"showMaterialUpdate":true,"showSkybox":false,"showFlares":true,"showImageEffects":true,"showParticleSystems":true},"in2DMode":false,"pivot":{"x":-0.6255700588226318,"y":0.06576156616210938,"z":0.8423848152160645},"rotation":{"x":0.2072419375181198,"y":-0.5062012076377869,"z":0.126775860786438,"w":0.827491044998169},"size":2.3326528072357179,"orthographic":false}