{"cameraMode":{"drawMode":0,"name":"Shaded","section":"Shading Mode"},"sceneLighting":false,"audioPlay":false,"sceneViewState":{"showFog":true,"showMaterialUpdate":true,"showSkybox":false,"showFlares":true,"showImageEffects":true,"showParticleSystems":true},"in2DMode":false,"pivot":{"x":0.2209770679473877,"y":0.649998664855957,"z":0.40170741081237795},"rotation":{"x":0.4054619073867798,"y":-0.03974788263440132,"z":0.01764434017241001,"w":0.9130914211273193},"size":2.3124964237213136,"orthographic":false}