{"cameraMode":{"drawMode":0,"name":"Shaded","section":"Shading Mode"},"sceneLighting":false,"audioPlay":false,"sceneViewState":{"showFog":true,"showMaterialUpdate":true,"showSkybox":false,"showFlares":true,"showImageEffects":true,"showParticleSystems":true},"in2DMode":false,"pivot":{"x":-2.7991931438446047,"y":5.41796875,"z":4.864191055297852},"rotation":{"x":0.08562611043453217,"y":0.7967554330825806,"z":-0.11626315116882324,"w":0.5868000984191895},"size":17.040006637573243,"orthographic":true}