{"cameraMode":{"drawMode":0,"name":"Shaded","section":"Shading Mode"},"sceneLighting":false,"audioPlay":false,"sceneViewState":{"showFog":true,"showMaterialUpdate":true,"showSkybox":false,"showFlares":true,"showImageEffects":true,"showParticleSystems":true},"in2DMode":false,"pivot":{"x":-0.029224395751953126,"y":7.301714897155762,"z":-0.029224395751953126},"rotation":{"x":0.6873221397399902,"y":0.07468054443597794,"z":-0.07139276713132858,"w":0.7189695835113525},"size":11.22578239440918,"orthographic":true}