{"cameraMode":{"drawMode":0,"name":"Shaded","section":"Shading Mode"},"sceneLighting":false,"audioPlay":false,"sceneViewState":{"showFog":true,"showMaterialUpdate":true,"showSkybox":false,"showFlares":true,"showImageEffects":true,"showParticleSystems":true},"in2DMode":false,"pivot":{"x":1.4997718334197999,"y":3.987004041671753,"z":15.319003105163575},"rotation":{"x":0.048013776540756229,"y":0.9484626054763794,"z":-0.17553211748600007,"w":0.2594338655471802},"size":1.4715025424957276,"orthographic":false}