{"cameraMode":{"drawMode":0,"name":"Shaded","section":"Shading Mode"},"sceneLighting":true,"audioPlay":false,"sceneViewState":{"showFog":true,"showMaterialUpdate":true,"showSkybox":true,"showFlares":true,"showImageEffects":true,"showParticleSystems":true},"in2DMode":false,"pivot":{"x":-100.03387451171875,"y":-324.2833251953125,"z":-216.898681640625},"rotation":{"x":0.16823118925094605,"y":-0.8316656947135925,"z":0.3669193983078003,"w":0.38131725788116457},"size":896.433349609375,"orthographic":false}