{"cameraMode":{"drawMode":0,"name":"Shaded","section":"Shading Mode"},"sceneLighting":true,"audioPlay":false,"sceneViewState":{"showFog":true,"showMaterialUpdate":true,"showSkybox":true,"showFlares":true,"showImageEffects":true,"showParticleSystems":true},"in2DMode":false,"pivot":{"x":254.9849090576172,"y":-16.174190521240236,"z":484.83892822265627},"rotation":{"x":-0.40853577852249148,"y":0.1291240006685257,"z":-0.05848632752895355,"w":-0.9017128944396973},"size":79.00775146484375,"orthographic":false}