{"cameraMode":{"drawMode":0,"name":"Shaded","section":"Shading Mode"},"sceneLighting":false,"audioPlay":false,"sceneViewState":{"showFog":true,"showMaterialUpdate":true,"showSkybox":false,"showFlares":true,"showImageEffects":true,"showParticleSystems":true},"in2DMode":false,"pivot":{"x":0.48824262619018557,"y":2.201186180114746,"z":1.0216068029403687},"rotation":{"x":-0.1971651315689087,"y":-0.24301984906196595,"z":0.0503152534365654,"w":-0.9485301375389099},"size":4.93603515625,"orthographic":false}