{"cameraMode":{"drawMode":0,"name":"Shaded","section":"Shading Mode"},"sceneLighting":false,"audioPlay":false,"sceneViewState":{"showFog":true,"showMaterialUpdate":true,"showSkybox":false,"showFlares":true,"showImageEffects":true,"showParticleSystems":true},"in2DMode":false,"pivot":{"x":2.4763593673706056,"y":1.5464577674865723,"z":5.031633377075195},"rotation":{"x":0.11820688098669052,"y":-0.8733736276626587,"z":0.26300665736198428,"w":0.3925398290157318},"size":2.41652250289917,"orthographic":true}