{"cameraMode":{"drawMode":0,"name":"Shaded","section":"Shading Mode"},"sceneLighting":false,"audioPlay":false,"sceneViewState":{"showFog":true,"showMaterialUpdate":true,"showSkybox":false,"showFlares":true,"showImageEffects":true,"showParticleSystems":true},"in2DMode":false,"pivot":{"x":-0.12213850021362305,"y":-0.7766690254211426,"z":-0.9143166542053223},"rotation":{"x":-0.09963151812553406,"y":0.8988598585128784,"z":-0.2730543613433838,"w":-0.32819730043411257},"size":4.438060283660889,"orthographic":false}