{"cameraMode":{"drawMode":0,"name":"Shaded","section":"Shading Mode"},"sceneLighting":false,"audioPlay":false,"sceneViewState":{"showFog":true,"showMaterialUpdate":true,"showSkybox":false,"showFlares":true,"showImageEffects":true,"showParticleSystems":true},"in2DMode":false,"pivot":{"x":0.6484375,"y":0.9905701875686646,"z":0.7255091667175293},"rotation":{"x":0.05171044543385506,"y":0.9132512211799622,"z":-0.12264852970838547,"w":0.38504043221473696},"size":1.1861333847045899,"orthographic":true}