{"cameraMode":{"drawMode":0,"name":"Shaded","section":"Shading Mode"},"sceneLighting":false,"audioPlay":false,"sceneViewState":{"showFog":true,"showMaterialUpdate":true,"showSkybox":false,"showFlares":true,"showImageEffects":true,"showParticleSystems":true},"in2DMode":false,"pivot":{"x":0.0,"y":1.5019283294677735,"z":0.035000331699848178},"rotation":{"x":0.4625733196735382,"y":-0.3765954077243805,"z":0.22620002925395966,"w":0.7701157331466675},"size":1.5992779731750489,"orthographic":false}