{"cameraMode":{"drawMode":0,"name":"Shaded","section":"Shading Mode"},"sceneLighting":false,"audioPlay":false,"sceneViewState":{"showFog":true,"showMaterialUpdate":true,"showSkybox":false,"showFlares":true,"showImageEffects":true,"showParticleSystems":true},"in2DMode":false,"pivot":{"x":4.380859375,"y":4.458736419677734,"z":5.856103420257568},"rotation":{"x":0.1372450292110443,"y":0.4111971855163574,"z":-0.06277740001678467,"w":0.8989661335945129},"size":7.443465232849121,"orthographic":true}