{"cameraMode":{"drawMode":0,"name":"Shaded","section":"Shading Mode"},"sceneLighting":false,"audioPlay":false,"sceneViewState":{"showFog":true,"showMaterialUpdate":true,"showSkybox":false,"showFlares":true,"showImageEffects":true,"showParticleSystems":true},"in2DMode":false,"pivot":{"x":1.902246356010437,"y":4.7578125,"z":-1.3939387798309327},"rotation":{"x":0.5528283715248108,"y":-0.017496556043624879,"z":0.011610569432377816,"w":0.833034873008728},"size":14.327069282531739,"orthographic":true}