{"cameraMode":{"drawMode":0,"name":"Shaded","section":"Shading Mode"},"sceneLighting":false,"audioPlay":false,"sceneViewState":{"showFog":true,"showMaterialUpdate":true,"showSkybox":false,"showFlares":true,"showImageEffects":true,"showParticleSystems":true},"in2DMode":false,"pivot":{"x":1.1486577987670899,"y":4.174408435821533,"z":0.0},"rotation":{"x":0.4054619073867798,"y":-0.03974788263440132,"z":0.01764434017241001,"w":0.9130914211273193},"size":6.090770244598389,"orthographic":false}