{"cameraMode":{"drawMode":0,"name":"Shaded","section":"Shading Mode"},"sceneLighting":true,"audioPlay":false,"sceneViewState":{"showFog":true,"showMaterialUpdate":true,"showSkybox":true,"showFlares":true,"showImageEffects":true,"showParticleSystems":true},"in2DMode":false,"pivot":{"x":1.3299999237060547,"y":2.489999771118164,"z":15.930000305175782},"rotation":{"x":-0.019294699653983117,"y":-0.9387512803077698,"z":0.3399054706096649,"w":-0.05328790098428726},"size":17.32050895690918,"orthographic":false}