{"cameraMode":{"drawMode":0,"name":"Shaded","section":"Shading Mode"},"sceneLighting":false,"audioPlay":false,"sceneViewState":{"showFog":true,"showMaterialUpdate":true,"showSkybox":false,"showFlares":true,"showImageEffects":true,"showParticleSystems":true},"in2DMode":false,"pivot":{"x":11.280168533325196,"y":0.25,"z":-4.006783485412598},"rotation":{"x":0.47311732172966006,"y":0.014535346999764443,"z":-0.007807189133018255,"w":0.8808462023735046},"size":7.886826992034912,"orthographic":true}