{"cameraMode":{"drawMode":0,"name":"Shaded","section":"Shading Mode"},"sceneLighting":true,"audioPlay":false,"sceneViewState":{"showFog":true,"showMaterialUpdate":true,"showSkybox":false,"showFlares":true,"showImageEffects":true,"showParticleSystems":true},"in2DMode":false,"pivot":{"x":-0.6011532545089722,"y":0.5786442160606384,"z":-0.13512678444385529},"rotation":{"x":0.10125850886106491,"y":-0.7012580633163452,"z":0.10168496519327164,"w":0.698316216468811},"size":1.183029055595398,"orthographic":false}