{"cameraMode":{"drawMode":0,"name":"Shaded","section":"Shading Mode"},"sceneLighting":false,"audioPlay":false,"sceneViewState":{"showFog":true,"showMaterialUpdate":true,"showSkybox":false,"showFlares":true,"showImageEffects":true,"showParticleSystems":true},"in2DMode":false,"pivot":{"x":-2.9802322387695315e-8,"y":0.5503472089767456,"z":5.960464477539063e-8},"rotation":{"x":0.3890267014503479,"y":-0.34614282846450808,"z":0.16059084236621858,"w":0.8384977579116821},"size":0.8235177397727966,"orthographic":false}