{"cameraMode":{"drawMode":0,"name":"Shaded","section":"Shading Mode"},"sceneLighting":false,"audioPlay":false,"sceneViewState":{"showFog":true,"showMaterialUpdate":true,"showSkybox":false,"showFlares":true,"showImageEffects":true,"showParticleSystems":true},"in2DMode":false,"pivot":{"x":-0.07562899589538574,"y":1.2975094318389893,"z":-0.11793631315231323},"rotation":{"x":0.1372450292110443,"y":0.4111971855163574,"z":-0.06277740001678467,"w":0.8989661335945129},"size":1.5105724334716797,"orthographic":true}