{"cameraMode":{"drawMode":0,"name":"Shaded","section":"Shading Mode"},"sceneLighting":false,"audioPlay":false,"sceneViewState":{"showFog":true,"showMaterialUpdate":true,"showSkybox":false,"showFlares":true,"showImageEffects":true,"showParticleSystems":true},"in2DMode":false,"pivot":{"x":-0.39034247398376467,"y":4.176144123077393,"z":0.01529073715209961},"rotation":{"x":0.4625733196735382,"y":-0.3765954077243805,"z":0.22620002925395966,"w":0.7701157331466675},"size":5.816569805145264,"orthographic":false}