{"cameraMode":{"drawMode":0,"name":"Shaded","section":"Shading Mode"},"sceneLighting":false,"audioPlay":false,"sceneViewState":{"showFog":true,"showMaterialUpdate":true,"showSkybox":false,"showFlares":true,"showImageEffects":true,"showParticleSystems":true},"in2DMode":false,"pivot":{"x":-1.3882699012756348,"y":-0.557077169418335,"z":-0.06957507133483887},"rotation":{"x":0.24399510025978089,"y":-0.4881051778793335,"z":0.1442747712135315,"w":0.825474202632904},"size":3.8295376300811769,"orthographic":false}