{"cameraMode":{"drawMode":0,"name":"Shaded","section":"Shading Mode"},"sceneLighting":false,"audioPlay":false,"sceneViewState":{"showFog":true,"showMaterialUpdate":true,"showSkybox":false,"showFlares":true,"showImageEffects":true,"showParticleSystems":true},"in2DMode":false,"pivot":{"x":0.0,"y":0.6724613904953003,"z":0.027246952056884767},"rotation":{"x":0.22493447363376618,"y":-0.49686431884765627,"z":0.13510704040527345,"w":0.8272097706794739},"size":2.5587151050567629,"orthographic":false}