{"cameraMode":{"drawMode":0,"name":"Shaded","section":"Shading Mode"},"sceneLighting":true,"audioPlay":false,"sceneViewState":{"showFog":true,"showMaterialUpdate":true,"showSkybox":true,"showFlares":true,"showImageEffects":true,"showParticleSystems":true},"in2DMode":false,"pivot":{"x":-10.054678916931153,"y":-14.721832275390625,"z":18.242399215698243},"rotation":{"x":0.20165768265724183,"y":-0.43557214736938479,"z":0.10079185664653778,"w":0.8714662790298462},"size":26.423160552978517,"orthographic":false}