{"cameraMode":{"drawMode":0,"name":"Shaded","section":"Shading Mode"},"sceneLighting":false,"audioPlay":false,"sceneViewState":{"showFog":true,"showMaterialUpdate":true,"showSkybox":false,"showFlares":true,"showImageEffects":true,"showParticleSystems":true},"in2DMode":false,"pivot":{"x":4.76837158203125e-7,"y":0.712980329990387,"z":-2.9802322387695315e-8},"rotation":{"x":0.4625733196735382,"y":-0.3765954077243805,"z":0.22620002925395966,"w":0.7701157331466675},"size":0.9283937215805054,"orthographic":false}