{"cameraMode":{"drawMode":0,"name":"Shaded","section":"Shading Mode"},"sceneLighting":false,"audioPlay":false,"sceneViewState":{"showFog":true,"showMaterialUpdate":true,"showSkybox":false,"showFlares":true,"showImageEffects":true,"showParticleSystems":true},"in2DMode":false,"pivot":{"x":1.3299999237060547,"y":2.489999771118164,"z":15.930000305175782},"rotation":{"x":0.37597838044166567,"y":-0.2271353155374527,"z":0.09560274332761765,"w":0.8932590484619141},"size":17.32050895690918,"orthographic":false}