{"cameraMode":{"drawMode":0,"name":"Shaded","section":"Shading Mode"},"sceneLighting":false,"audioPlay":false,"sceneViewState":{"showFog":true,"showMaterialUpdate":true,"showSkybox":false,"showFlares":true,"showImageEffects":true,"showParticleSystems":true},"in2DMode":false,"pivot":{"x":0.0,"y":0.9631346464157105,"z":-0.07910823822021485},"rotation":{"x":0.3890267014503479,"y":-0.34614282846450808,"z":0.16059084236621858,"w":0.8384977579116821},"size":3.042004346847534,"orthographic":false}