{"cameraMode":{"drawMode":0,"name":"Shaded","section":"Shading Mode"},"sceneLighting":false,"audioPlay":false,"sceneViewState":{"showFog":true,"showMaterialUpdate":true,"showSkybox":false,"showFlares":true,"showImageEffects":true,"showParticleSystems":true},"in2DMode":false,"pivot":{"x":-0.1192941665649414,"y":1.3448551893234254,"z":0.0645761489868164},"rotation":{"x":-0.12666764855384828,"y":0.728144645690918,"z":-0.1399577260017395,"w":-0.658970832824707},"size":5.255589962005615,"orthographic":false}