{"cameraMode":{"drawMode":0,"name":"Shaded","section":"Shading Mode"},"sceneLighting":false,"audioPlay":false,"sceneViewState":{"showFog":true,"showMaterialUpdate":true,"showSkybox":false,"showFlares":true,"showImageEffects":true,"showParticleSystems":true},"in2DMode":false,"pivot":{"x":682.1345825195313,"y":1.1399999856948853,"z":660.9976196289063},"rotation":{"x":-0.05918532609939575,"y":0.8786900043487549,"z":-0.46014779806137087,"w":-0.1131877675652504},"size":2.9945788383483888,"orthographic":false}