{"cameraMode":{"drawMode":0,"name":"Shaded","section":"Shading Mode"},"sceneLighting":false,"audioPlay":false,"sceneViewState":{"showFog":true,"showMaterialUpdate":true,"showSkybox":false,"showFlares":true,"showImageEffects":true,"showParticleSystems":true},"in2DMode":false,"pivot":{"x":0.0,"y":1.6100000143051148,"z":-0.10002994537353516},"rotation":{"x":0.3890267014503479,"y":-0.34614282846450808,"z":0.16059084236621858,"w":0.8384977579116821},"size":3.441622495651245,"orthographic":false}